{
    "criptogram": "rvgllakieg tye tirtucatzoe.  whvnvvei i winu mpsecf xronieg giid abfuk thv mfuty; wyenvvvr ik ij a drmg, drzzqly eomemsei in dy jouc; wyenvvvr i wied mpsvlf znmollnkarzlp palszng seworv cfffzn narvhfusvs, rnd srzngznx up khv rerr ff emeiy flnvrac i deek; aed ejpvcirlcy wyeeevvr dy hppfs gvt jucy ae upgei haed ff mv, tyat zt ieqliies r skroeg dorrl grieczplv tf prvvvnt de wrod dvliseiatvlp stvpginx ieto khv stievt, aed detyouicrlcy keotkieg geoglv's hrtj ofw--tyen, z atcolnk it yixh tzmv to xek to jer as jofn aj i tan.  khzs ij mp susskitltv foi pzstfl rnd sacl.  wzty a pyicosfpyicrl wlolrzsh tako tyrfws yidsecf lpoe hzs snoid; i huzetcy kakv tf thv syip.  khvre zs eotyieg slrgrijieg ie tyis.  zf khep blt keen it, rldosk acl mvn zn tyezr dvgiee, jode tzmv or ftyer, thvrijh merp nvarcy khe jade fvecinxs kowrrus tye fcern nity mv.",
    "multiplesDict": {
        "10": 12.54,
        "11": 1.08,
        "12": 1.43,
        "13": 2.15,
        "14": 3.94,
        "15": 6.09,
        "16": 1.08,
        "17": 1.43,
        "18": 1.43,
        "19": 0.72,
        "2": 15.77,
        "3": 7.53,
        "4": 7.53,
        "5": 17.92,
        "6": 5.02,
        "7": 5.38,
        "8": 6.09,
        "9": 2.87
    },
    "trigramsDictionary": [
        {
            "name": "kie",
            "spacing": 353
        },
        {
            "name": "ieg",
            "spacing": 40
        },
        {
            "name": "ieg",
            "spacing": 313
        },
        {
            "name": "ieg",
            "spacing": 182
        },
        {
            "name": "ieg",
            "spacing": 10
        },
        {
            "name": "tye",
            "spacing": 367
        },
        {
            "name": "tye",
            "spacing": 213
        },
        {
            "name": "tye",
            "spacing": 22
        },
        {
            "name": "tye",
            "spacing": 43
        },
        {
            "name": "atz",
            "spacing": 240
        },
        {
            "name": "nvv",
            "spacing": 43
        },
        {
            "name": "nvv",
            "spacing": 40
        },
        {
            "name": "eii",
            "spacing": 67
        },
        {
            "name": "iwi",
            "spacing": 83
        },
        {
            "name": "mps",
            "spacing": 83
        },
        {
            "name": "mps",
            "spacing": 307
        },
        {
            "name": "sec",
            "spacing": 455
        },
        {
            "name": "ecf",
            "spacing": 455
        },
        {
            "name": "egg",
            "spacing": 313
        },
        {
            "name": "thv",
            "spacing": 465
        },
        {
            "name": "thv",
            "spacing": 92
        },
        {
            "name": "ywy",
            "spacing": 153
        },
        {
            "name": "wye",
            "spacing": 40
        },
        {
            "name": "wye",
            "spacing": 113
        },
        {
            "name": "yen",
            "spacing": 40
        },
        {
            "name": "yen",
            "spacing": 270
        },
        {
            "name": "env",
            "spacing": 40
        },
        {
            "name": "vvv",
            "spacing": 40
        },
        {
            "name": "vvv",
            "spacing": 185
        },
        {
            "name": "vvr",
            "spacing": 40
        },
        {
            "name": "vvr",
            "spacing": 113
        },
        {
            "name": "vri",
            "spacing": 40
        },
        {
            "name": "vri",
            "spacing": 505
        },
        {
            "name": "jad",
            "spacing": 558
        },
        {
            "name": "sei",
            "spacing": 215
        },
        {
            "name": "fzn",
            "spacing": 30
        },
        {
            "name": "lnk",
            "spacing": 255
        },
        {
            "name": "zng",
            "spacing": 30
        },
        {
            "name": "rnd",
            "spacing": 280
        },
        {
            "name": "nds",
            "spacing": 280
        },
        {
            "name": "pkh",
            "spacing": 350
        },
        {
            "name": "khv",
            "spacing": 150
        },
        {
            "name": "khv",
            "spacing": 200
        },
        {
            "name": "hvr",
            "spacing": 350
        },
        {
            "name": "hvr",
            "spacing": 85
        },
        {
            "name": "vre",
            "spacing": 350
        },
        {
            "name": "aed",
            "spacing": 43
        },
        {
            "name": "aed",
            "spacing": 90
        },
        {
            "name": "rlc",
            "spacing": 135
        },
        {
            "name": "lcy",
            "spacing": 135
        },
        {
            "name": "mvt",
            "spacing": 142
        },
        {
            "name": "tya",
            "spacing": 200
        },
        {
            "name": "tie",
            "spacing": 73
        },
        {
            "name": "gri",
            "spacing": 265
        },
        {
            "name": "vtf",
            "spacing": 230
        },
        {
            "name": "inx",
            "spacing": 320
        },
        {
            "name": "iet",
            "spacing": 228
        },
        {
            "name": "hvs",
            "spacing": 193
        },
        {
            "name": "det",
            "spacing": 260
        },
        {
            "name": "ety",
            "spacing": 212
        },
        {
            "name": "icr",
            "spacing": 120
        },
        {
            "name": "crl",
            "spacing": 120
        },
        {
            "name": "cyk",
            "spacing": 163
        },
        {
            "name": "cyk",
            "spacing": 115
        },
        {
            "name": "eot",
            "spacing": 182
        },
        {
            "name": "jof",
            "spacing": 38
        },
        {
            "name": "kit",
            "spacing": 45
        },
        {
            "name": "ity",
            "spacing": 275
        },
        {
            "name": "tyi",
            "spacing": 150
        },
        {
            "name": "tyi",
            "spacing": 17
        },
        {
            "name": "tzm",
            "spacing": 210
        },
        {
            "name": "zmv",
            "spacing": 210
        },
        {
            "name": "hzs",
            "spacing": 80
        },
        {
            "name": "acl",
            "spacing": 130
        },
        {
            "name": "pyi",
            "spacing": 7
        },
        {
            "name": "yic",
            "spacing": 7
        },
        {
            "name": "oty",
            "spacing": 55
        },
        {
            "name": "syi",
            "spacing": 37
        },
        {
            "name": "rij",
            "spacing": 70
        },
        {
            "name": "gie",
            "spacing": 43
        },
        {
            "name": "khe",
            "spacing": 70
        },
        {
            "name": "nit",
            "spacing": 90
        }
    ]
}